0,1
"<div class=""details"">
<a class=""grid-view-item__title"" href=""/collections/chavas-playeras/products/blusa-pink-floyd-bldep9401-gris"">BLUSA PINK FLOYD SNOW THE DARK SIDE OF THE MOON</a>
<div class=""grid-view-item__meta""><!-- snippet/product-price.liquid -->
<span class=""visually-hidden"">Precio habitual</span>
<span class=""product-price__price"">$ 299.00</span>
</div>
</div>","<span class=""product-price__price"">$ 299.00</span>"
"<div class=""details"">
<a class=""grid-view-item__title"" href=""/collections/chavas-playeras/products/blusa-sailor-moon-bldts9403-negro"">BLUSA SAILOR MOON LUNA</a>
<div class=""grid-view-item__meta""><!-- snippet/product-price.liquid -->
<span class=""visually-hidden"">Precio habitual</span>
<span class=""product-price__price"">$ 249.00</span>
</div>
</div>","<span class=""product-price__price"">$ 249.00</span>"
"<div class=""details"">
<a class=""grid-view-item__title"" href=""/collections/chavas-playeras/products/blusa-pink-floyd-bldpp0102-negro"">BLUSA PINK FLOYD THE DARK SIDE OF THE MOON</a>
<div class=""grid-view-item__meta""><!-- snippet/product-price.liquid -->
<span class=""visually-hidden"">Precio habitual</span>
<span class=""product-price__price"">$ 249.00</span>
</div>
</div>","<span class=""product-price__price"">$ 249.00</span>"
"<div class=""details"">
<a class=""grid-view-item__title"" href=""/collections/chavas-playeras/products/blusa-back-to-the-future-bldnb0302-negro"">BLUSA BACK TO THE FUTURE DELOREAN</a>
<div class=""grid-view-item__meta""><!-- snippet/product-price.liquid -->
<span class=""visually-hidden"">Precio habitual</span>
<span class=""product-price__price"">$ 249.00</span>
</div>
</div>","<span class=""product-price__price"">$ 249.00</span>"
"<div class=""details"">
<a class=""grid-view-item__title"" href=""/collections/chavas-playeras/products/blusa-friday-the-13th-bldw10301-negro"">BLUSA FRIDAY THE 13 LOGO</a>
<div class=""grid-view-item__meta""><!-- snippet/product-price.liquid -->
<span class=""visually-hidden"">Precio habitual</span>
<span class=""product-price__price"">$ 249.00</span>
</div>
</div>","<span class=""product-price__price"">$ 249.00</span>"
"<div class=""details"">
<a class=""grid-view-item__title"" href=""/collections/chavas-playeras/products/blusa-ouija-bldto0301-negro"">BLUSA TABLA OUIJA</a>
<div class=""grid-view-item__meta""><!-- snippet/product-price.liquid -->
<span class=""visually-hidden"">Precio habitual</span>
<span class=""product-price__price"">$ 249.00</span>
</div>
</div>","<span class=""product-price__price"">$ 249.00</span>"
"<div class=""details"">
<a class=""grid-view-item__title"" href=""/collections/chavas-playeras/products/blusa-it-bldri0301-blanco-y-rojo"">BLUSA RINGER IT LOVER LOSER</a>
<div class=""grid-view-item__meta""><!-- snippet/product-price.liquid -->
<span class=""visually-hidden"">Precio habitual</span>
<span class=""product-price__price"">$ 299.00</span>
</div>
</div>","<span class=""product-price__price"">$ 299.00</span>"
"<div class=""details"">
<a class=""grid-view-item__title"" href=""/collections/chavas-playeras/products/blusa-stranger-things-bldni0102-negro"">BLUSA STRANGER THINGS HELLFIRE CLUB</a>
<div class=""grid-view-item__meta""><!-- snippet/product-price.liquid -->
<span class=""visually-hidden"">Precio habitual</span>
<span class=""product-price__price"">$ 249.00</span>
</div>
</div>","<span class=""product-price__price"">$ 249.00</span>"
"<div class=""details"">
<a class=""grid-view-item__title"" href=""/collections/chavas-playeras/products/blusa-sailor-moon-bldts9404-blanco-y-rosa"">BLUSA RINGER SAILOR MOON LOGO</a>
<div class=""grid-view-item__meta""><!-- snippet/product-price.liquid -->
<span class=""visually-hidden"">Precio habitual</span>
<span class=""product-price__price"">$ 299.00</span>
</div>
</div>","<span class=""product-price__price"">$ 299.00</span>"
"<div class=""details"">
<a class=""grid-view-item__title"" href=""/collections/chavas-playeras/products/blusa-nirvana-bldln0102-negro"">BLUSA NIRVANA IN UTERO</a>
<div class=""grid-view-item__meta""><!-- snippet/product-price.liquid -->
<span class=""visually-hidden"">Precio habitual</span>
<span class=""product-price__price"">$ 249.00</span>
</div>
</div>","<span class=""product-price__price"">$ 249.00</span>"
"<div class=""details"">
<a class=""grid-view-item__title"" href=""/collections/chavas-playeras/products/blusa-ac-dc-bldea0301-negro"">BLUSA TIPO TANK TOP AC/DC</a>
<div class=""grid-view-item__meta""><!-- snippet/product-price.liquid -->
<span class=""visually-hidden"">Precio habitual</span>
<span class=""product-price__price"">$ 189.00</span>
</div>
</div>","<span class=""product-price__price"">$ 189.00</span>"
"<div class=""details"">
<a class=""grid-view-item__title"" href=""/collections/chavas-playeras/products/blusa-batman-bldbb9410-plata-y-negro"">BLUSA I AM BATMAN RINGER</a>
<div class=""grid-view-item__meta""><!-- snippet/product-price.liquid -->
<span class=""visually-hidden"">Precio habitual</span>
<span class=""product-price__price"">$ 299.00</span>
</div>
</div>","<span class=""product-price__price"">$ 299.00</span>"
"<div class=""details"">
<a class=""grid-view-item__title"" href=""/collections/chavas-playeras/products/blusa-flash-bldff0101-rojo"">BLUSA FLASH LOGO CLÁSICO</a>
<div class=""grid-view-item__meta""><!-- snippet/product-price.liquid -->
<span class=""visually-hidden"">Precio habitual</span>
<s class=""product-price__price regular"">$ 249.00</s>
<span class=""product-price__price product-price__sale"">$ 99.00</span>
</div>
</div>","<span class=""product-price__price product-price__sale"">$ 99.00</span>"
"<div class=""details"">
<a class=""grid-view-item__title"" href=""/collections/chavas-playeras/products/blusa-metallica-plcrl9303-jaspe-y-negro"">BLUSA RINGER METALLICA ...AND JUSTICE FOR ALL</a>
<div class=""grid-view-item__meta""><!-- snippet/product-price.liquid -->
<span class=""visually-hidden"">Precio habitual</span>
<span class=""product-price__price"">$ 299.00</span>
</div>
</div>","<span class=""product-price__price"">$ 299.00</span>"
"<div class=""details"">
<a class=""grid-view-item__title"" href=""/collections/chavas-playeras/products/blusa-scooby-doo-bldws9402-negro"">BLUSA SCOOBY DOO!</a>
<div class=""grid-view-item__meta""><!-- snippet/product-price.liquid -->
<span class=""visually-hidden"">Precio habitual</span>
<s class=""product-price__price regular"">$ 249.00</s>
<span class=""product-price__price product-price__sale"">$ 179.00</span>
</div>
</div>","<span class=""product-price__price product-price__sale"">$ 179.00</span>"
"<div class=""details"">
<a class=""grid-view-item__title"" href=""/collections/chavas-playeras/products/blusa-gorillaz-bldrg9402-negro"">BLUSA GORILLAZ ART POP</a>
<div class=""grid-view-item__meta""><!-- snippet/product-price.liquid -->
<span class=""visually-hidden"">Precio habitual</span>
<span class=""product-price__price"">$ 249.00</span>
</div>
</div>","<span class=""product-price__price"">$ 249.00</span>"
"<div class=""details"">
<a class=""grid-view-item__title"" href=""/collections/chavas-playeras/products/blusa-craneo-bldtc0102-negro"">BLUSA CRANEO CREADO CON GATOS</a>
<div class=""grid-view-item__meta""><!-- snippet/product-price.liquid -->
<span class=""visually-hidden"">Precio habitual</span>
<s class=""product-price__price regular"">$ 249.00</s>
<span class=""product-price__price product-price__sale"">$ 179.00</span>
</div>
</div>","<span class=""product-price__price product-price__sale"">$ 179.00</span>"
"<div class=""details"">
<a class=""grid-view-item__title"" href=""/collections/chavas-playeras/products/blusa-superman-bldss9404-blanco-y-negro"">BLUSA RINGER SUPERGIRL STRONGER AND FASTER</a>
<div class=""grid-view-item__meta""><!-- snippet/product-price.liquid -->
<span class=""visually-hidden"">Precio habitual</span>
<s class=""product-price__price regular"">$ 299.00</s>
<span class=""product-price__price product-price__sale"">$ 179.00</span>
</div>
</div>","<span class=""product-price__price product-price__sale"">$ 179.00</span>"
"<div class=""details"">
<a class=""grid-view-item__title"" href=""/collections/chavas-playeras/products/blusa-wonder-woman-bldww0301-negro-ycar-gris"">BLUSA TIPO TANK TOP WONDER WOMAN LOGO</a>
<div class=""grid-view-item__meta""><!-- snippet/product-price.liquid -->
<span class=""visually-hidden"">Precio habitual</span>
<span class=""product-price__price"">$ 189.00</span>
</div>
</div>","<span class=""product-price__price"">$ 189.00</span>"
"<div class=""details"">
<a class=""grid-view-item__title"" href=""/collections/chavas-playeras/products/blusa-baphomet-bldtb0301-negro-ycar-gris"">BLUSA TIPO TANK TOP BAPHOMET</a>
<div class=""grid-view-item__meta""><!-- snippet/product-price.liquid -->
<span class=""visually-hidden"">Precio habitual</span>
<span class=""product-price__price"">$ 189.00</span>
</div>
</div>","<span class=""product-price__price"">$ 189.00</span>"
"<div class=""details"">
<a class=""grid-view-item__title"" href=""/collections/chavas-playeras/products/blusa-nirvana-bldln0301-negro-ycar-gris"">BLUSA TIPO TANK TOP NIRVANA CARITA</a>
<div class=""grid-view-item__meta""><!-- snippet/product-price.liquid -->
<span class=""visually-hidden"">Precio habitual</span>
<span class=""product-price__price"">$ 189.00</span>
</div>
</div>","<span class=""product-price__price"">$ 189.00</span>"
"<div class=""details"">
<a class=""grid-view-item__title"" href=""/collections/chavas-playeras/products/blusa-guns-and-roses-bldbg0301-negro"">BLUSA TIPO TANK TOP GUNS AND ROSES</a>
<div class=""grid-view-item__meta""><!-- snippet/product-price.liquid -->
<span class=""visually-hidden"">Precio habitual</span>
<span class=""product-price__price"">$ 189.00</span>
</div>
</div>","<span class=""product-price__price"">$ 189.00</span>"
"<div class=""details"">
<a class=""grid-view-item__title"" href=""/collections/chavas-playeras/products/blusa-batman-bldbb0301-negro"">BLUSA TIPO TANK TOP BATMAN</a>
<div class=""grid-view-item__meta""><!-- snippet/product-price.liquid -->
<span class=""visually-hidden"">Precio habitual</span>
<s class=""product-price__price regular"">$ 189.00</s>
<span class=""product-price__price product-price__sale"">$ 179.00</span>
</div>
</div>","<span class=""product-price__price product-price__sale"">$ 179.00</span>"
"<div class=""details"">
<a class=""grid-view-item__title"" href=""/collections/chavas-playeras/products/blusa-wonder-woman-bldww9p03-negro"">BLUSA WONDER WOMAN LOGO MOVIE</a>
<div class=""grid-view-item__meta""><!-- snippet/product-price.liquid -->
<span class=""visually-hidden"">Precio habitual</span>
<s class=""product-price__price regular"">$ 249.00</s>
<span class=""product-price__price product-price__sale"">$ 179.00</span>
</div>
</div>","<span class=""product-price__price product-price__sale"">$ 179.00</span>"
"<div class=""details"">
<a class=""grid-view-item__title"" href=""/collections/chavas-playeras/products/blusa-wonder-woman-bldww9p02-blanco"">BLUSA WONDER WOMAN LOGO MOVIE BRAVE</a>
<div class=""grid-view-item__meta""><!-- snippet/product-price.liquid -->
<span class=""visually-hidden"">Precio habitual</span>
<s class=""product-price__price regular"">$ 249.00</s>
<span class=""product-price__price product-price__sale"">$ 179.00</span>
</div>
</div>","<span class=""product-price__price product-price__sale"">$ 179.00</span>"
"<div class=""details"">
<a class=""grid-view-item__title"" href=""/collections/chavas-playeras/products/blusa-wonder-woman-bldww0p01-rojo"">BLUSA WONDER WOMAN LOGO CLÁSICO MOVIE</a>
<div class=""grid-view-item__meta""><!-- snippet/product-price.liquid -->
<span class=""visually-hidden"">Precio habitual</span>
<s class=""product-price__price regular"">$ 249.00</s>
<span class=""product-price__price product-price__sale"">$ 179.00</span>
</div>
</div>","<span class=""product-price__price product-price__sale"">$ 179.00</span>"
"<div class=""details"">
<a class=""grid-view-item__title"" href=""/collections/chavas-playeras/products/blusa-sailor-moon-bldts9b06-blanco"">BLUSA SAILOR MOON SERENA SENTADA EN LA LUNA</a>
<div class=""grid-view-item__meta""><!-- snippet/product-price.liquid -->
<span class=""visually-hidden"">Precio habitual</span>
<s class=""product-price__price regular"">$ 249.00</s>
<span class=""product-price__price product-price__sale"">$ 179.00</span>
</div>
</div>","<span class=""product-price__price product-price__sale"">$ 179.00</span>"
"<div class=""details"">
<a class=""grid-view-item__title"" href=""/collections/chavas-playeras/products/blusa-sailor-moon-bldts0101-blanco"">BLUSA SAILOR MOON SERENA Y DARIEN</a>
<div class=""grid-view-item__meta""><!-- snippet/product-price.liquid -->
<span class=""visually-hidden"">Precio habitual</span>
<s class=""product-price__price regular"">$ 249.00</s>
<span class=""product-price__price product-price__sale"">$ 89.00</span>
</div>
</div>","<span class=""product-price__price product-price__sale"">$ 89.00</span>"
"<div class=""details"">
<a class=""grid-view-item__title"" href=""/collections/chavas-playeras/products/blusa-metallica-bldrm9401-gris"">BLUSA METALLICA 401MRMET009RT NS CH</a>
<div class=""grid-view-item__meta""><!-- snippet/product-price.liquid -->
<span class=""visually-hidden"">Precio habitual</span>
<s class=""product-price__price regular"">$ 299.00</s>
<span class=""product-price__price product-price__sale"">$ 89.00</span>
</div>
</div>","<span class=""product-price__price product-price__sale"">$ 89.00</span>"
"<div class=""details"">
<a class=""grid-view-item__title"" href=""/collections/chavas-playeras/products/blusa-harley-quinn-bldrh9p01-blanco"">BLUSA HARLEY QUINN TRANSLUCIDA MOVIE BC CH</a>
<div class=""grid-view-item__meta""><!-- snippet/product-price.liquid -->
<span class=""visually-hidden"">Precio habitual</span>
<s class=""product-price__price regular"">$ 299.00</s>
<span class=""product-price__price product-price__sale"">$ 89.00</span>
</div>
</div>","<span class=""product-price__price product-price__sale"">$ 89.00</span>"
"<div class=""details"">
<a class=""grid-view-item__title"" href=""/collections/chavas-playeras/products/blusa-capitan-america-bldmc9b04-azul"">BLUSA CAPITAN AMERICA ESCUDO CLÁSICO DE CÓMICS</a>
<div class=""grid-view-item__meta""><!-- snippet/product-price.liquid -->
<span class=""visually-hidden"">Precio habitual</span>
<s class=""product-price__price regular"">$ 249.00</s>
<span class=""product-price__price product-price__sale"">$ 89.00</span>
</div>
</div>","<span class=""product-price__price product-price__sale"">$ 89.00</span>"
"<div class=""details"">
<a class=""grid-view-item__title"" href=""/collections/chavas-playeras/products/blusa-toxic-bldtt0203-negro"">BLUSA TOXIC MASCARA DE GAS</a>
<div class=""grid-view-item__meta""><!-- snippet/product-price.liquid -->
<span class=""visually-hidden"">Precio habitual</span>
<span class=""product-price__price"">$ 189.00</span>
</div>
</div>","<span class=""product-price__price"">$ 189.00</span>"
